Target,BestModel,BestParams,Train_RMSE,Test_RMSE,Train_MAE,Test_MAE,Train_R2,Test_R2
UNMEM_Mission_success_score,LinearRegression,{},1.9216146493332673e-14,1.7666410500057197e-14,1.4871824701955586e-14,1.227301089040173e-14,1.0,1.0
UNSO_Mission_success_score,LinearRegression,{},1.854373134691541e-14,2.0097183471152322e-14,1.4417407836062498e-14,1.5502750598402185e-14,1.0,1.0
